userId,recommendedItems
kakao1380669158,"['VGY5NiA3jGsIKfZIMspH', 'ydfUVfkzx7lChv3ylmlF', 'ynOEpglaHtC4crT5eCZN', 'PE9h8IRVjxJiGZ8WGTqb', 'Qh7sxfNGTISLviHlBxJs', 'HhxvlntKV4AgzvPjfk5W', '27NrBlWx2xL3Jt0NX3uw', 'idZEUdokkoWhgOk4O5jq', '7165MXveEQu2oM2tOron', '2ry92Zz2SjaoTuymplKm']"
kakao1559086533,"['PTU4SzPDr4zWvazzPYc9', 'HD8CnHis5L9kqvq42SJj', 'lino', 'oqiE1D0QeNbwlZcsUIWx', 'EMOZiiQ5mVoydKXdQZYr', 'w9CMyWDMsLnH3D0FN0Mp', 'sd7TSkEqI7V6884MtjWX', 'f7doxxqjPGYEQ7BHzFfC', '7LOaDa9y7IB6DiiFyMF3', 'v4biBdYz5wIqcIikubdL']"
kakao1559979441,"['nZgQGsMH4zLOjMCeqi5G', 'Sb8tHNz15V1dIZUvxQPQ', 'OgDpqWrzUcLpMWAqWDZf', 'pSUMF0cjZoogJ9PBskKi', 'P28SXA5gyuCf61qMTlXn', 'CoFYyvEkDe2g7Vegij6Q', '1pdE5OXKQuSAnXlJH5tm', 'fBcuqxuLShuEZXVFNfHV', 'HLf6SJgtMZS33UZKOHRU', 'AiBykcSNsWmonYVuEg00']"
kakao2279007998,"['ROhCRMUt26a6YPfwkgpd', 'sfCxoddIvlEWDmBXckPt', '82nk37mEjmtv89bMHzQf', '8M17w9FOKq2lDZ33f6VD', 'DnBwkpXT4J3iLHOiTcV8', 'XljRmyRDXU0rXCQuAtMO', 'BPABQrxKkxtUTQHOoCdh', '315Q19v2UzhkELv2X4Xa', '8FKFpoDOvebvhhZ1AYV5', '4kCCDcucych6ED9IbVa0']"
kakao1762257077,"['W3ksS1pTaDLop754JLhs', 'K5SOpYNXO3j3yHJmezTX', 'JFPVKDOxvhMVnT6iVP6q', 'gray', 'kZSAUR2p5YDLHx8mCcNW', 'l5vkFbrdvg8yZUcd3VQb', 'eNPlsv7j5Gm9N2V18iYE', 'KPsh8DMlvaPCNsdoaqUt', 'wxvfoKACyu96jtCu7bQf', 'PsCHFCudtitMyxsreXBt']"
naver6755997,"['TzXkkfAkQvO3RC6IjiVm', 'hhhi7yAG9IqmXKnIa5A2', 'j5UF906tHWfU3sDytfTA', 'ynCpi8fxlXlxKqGKurp4', '4D6UrqnZr9f7qzT3u4wv', '67eVVPmUAmAvg9k13tOz', 'YmLwCPn13waM0hvVJHX6', 'bU0DyBudfzdF6UzdTYZQ', 'pSUMF0cjZoogJ9PBskKi', 'FRlPHv47WlxxvzYeaYNg']"
kakao1262723113,"['gray', 'v2LrqmCCf1JWL4F38OC6', '0384462CF31FEA26AF51A2', 'JFPVKDOxvhMVnT6iVP6q', 'boycold', 'paloalto', '8geafsQ6AX8Y0CehvLn6', 'WuuaMd3aRbcshHEomoff', '0CBgoXsstH5WpI5DeE6t', 'S5oUiefI5TBm8bHy8Hfb']"
kakao1398384560,"['idFQeOUmPT5VjcChkaxB', 'TIhjB38dAytw0IFZZE9r', 'inwD7u6VzqH1zoUFEeQb', 'z1BZTzJF8figBHGV5qT3', 'gv6EaDQHgJSGPDw0jEbO', 'sfCxoddIvlEWDmBXckPt', 'VEZwzlZyloKLXC3gkNPK', 'fa9KjLBJJ9XrUQXuL0sE', '315Q19v2UzhkELv2X4Xa', 'ATnIYUWWWqEsoxRgkxec']"
naver24333930,"['CwtUiDwBSCAUKTTZYJp3', 'j2cqasKulOEI8EtcgWmd', 'uUjzBQdb5QfTIUQTy2j3', 'Ng33bxrGH3MZbssetmVU', 'Vrl35ZhoqP3imsM7W5q2', 'wfSc3i9No4wRPqxqY00z', 'GNNMfyIfdxmlByRtMbdI', 'U7gUPd2Hnxi9oI4aUKFT', '7wVk2TDDASEokb9iz8Nf', 'tNz2DjOtssir4wjKcztP']"
kakao1406406649,"['sfCxoddIvlEWDmBXckPt', 'UhSyqzFZ1vrP8TTOd6AE', 'YxoLEEDOqDUH3NZ1PBJ0', 'oQvzkWWSl3aWOteHXM06', '82nk37mEjmtv89bMHzQf', 'YNaZ4IUI6kKqaqft70Gb', '8M17w9FOKq2lDZ33f6VD', '4hUh3DoqXcfruZqSvY6z', '315Q19v2UzhkELv2X4Xa', 'yf7AViWPGEf2FkCfpZ7o']"
kakao1590144174,"['aGBrQO04RDNFNiPZqnS6', 'lVuuELPUhtkQ27FgXLbT', 'Sq2dfMJpLh2Cjgq7s87Z', 'eJ49i4w1KdxuqGjzii7T', 'fkPQOU5RuXkpNT3l6e0a', 'ywLOdB1uTxrHNOpsOw9U', 'g9k20Jb6wvOfkbfHNLt3', 'HoUNL4XNgig1v2CbReLN', 'DLvwfm5xfPUpcoBk5A9R', 'IXgyyju1HWa9a83QIHrO']"
kakao1398262974,"['GrBtfw1Z1cBrqq1s5t06', 'U1AjoseOw4T0RxhyaAz7', 'EMOZiiQ5mVoydKXdQZYr', '0OHbRDXnYFWigCuwxXHQ', 'sd7TSkEqI7V6884MtjWX', '8O4yFl4QLDwrjvlBynVh', 'RP6b6AiX3DNyfe6mRf9d', 'dongeul-character', 'pQn6bzuH6tuGn2LSzMbv', 'ip5pCi98QQFFAUjwWuWq']"
tECCvstMopZMrBia23UqdRl2TbI2,"['dJyb8oRckEZVMxgAc7UG', 'moYKLXDrO2k0QXOK4dip', 'USypzhzHuuPizxnH2FD1', 'eQ0bkTGij6wioYNSya88', 'v4biBdYz5wIqcIikubdL', 'Ffyt3p7XONcCQ2AnWSQ9', 'KzXtQKpVlg7NpagqehIV', '5N93e3j1vFz4Ej4GbbXt', '5DAI6ho8ydIuWha4nwi3', '6HnLz4SswY33BPgk2GFL']"
kakao1580198501,"['5WB2EHnT2QWJDnZeknjQ', 'ffIsCb2BMtm9dT3eIrrj', 'Iup4QwehHraoIlTQLay0', 'UznHAfl4ReHG5pntH89x', '5NI9ErVzezsORFbx6YDk', 'AKHRjdEMjYcWsroSX76a', 'joQlBxVnpPFvMusav0fx', '4SWvrLYozwbAyHBvjfhe', 'pSUMF0cjZoogJ9PBskKi', 'HLf6SJgtMZS33UZKOHRU']"
naver40660383,"['kwmtvfe7cRuDHSA91NLE', 'm3ig53oKWBbIFhwmAZPj', 'yRB9cKNka4SlPJVhQD6c', 'euWprzr7oOp0CpidXfEF', 'GknZovLMgdn2kaQfhHDW', 'gFa0KoITX15Z0ISIuPjP', 'NsCdQi8TezSVzUP7rcOA', 'Jc2kteYpGUvjZR5QT3GS', 'OOO8EGsoDhTAPfcmXDSf', 'tk9ZcndBfpAWMkcSuln9']"
kakao2112687470,"['Arw9lzVAUG2VFGtjDdQg', 'eOHLvAxRdLgAO1sXx9rQ', '3P3p9weF4D96pNfuxaIz', 'xROCcqLhhMZZoeHFlqho', '8wp2tmLagaERcFZlro5C', '4DtZDDFycc6mbfwbWH6J', 'HejAgQG0HB9jI0G6xGLO', '3f3Flsj4ZVind59GQfjh', 'TIy6xiUisGdsnGAPa0EW', 'CGXs2CgPQHeT5dIBY0Sn']"
36a8842f-5b4d-48ec-a53b-d7260fc60542,"['4SWvrLYozwbAyHBvjfhe', 'LXwVVSVKAJOYrOwdTwT3', 'Iup4QwehHraoIlTQLay0', 'K6dU8TGcd8zs5B68z2If', 'OIkZAV77BMXfhIgtJ6yX', 'G6cVpi6ydB81rm1P412K', 'NZKkm7ncCxfHdf5CycOh', 'qFV0pC0UT4ijp3toaAA3', 'PQ6I8aevjOAePAn31ovd', 'rv8e0vA47slzEIGNImgS']"
kakao1935559350,"['6JEEdjUieqshYeSb7ALy', 'esw88imFlbeHxlWTxbVZ', 'zyzx4oWNJw7KtzrI1QuA', 'PH5YxomvF2NSVkCxvJO2', 'KPPdqrZv7ZQ6CrDU0VVa', 'nyULkfIF1oH6kPNAPSLE', 'UDUX76J5yr9ioAMh4Qvz', 'DjDheYAM7TIqplCyCiRI', '5ZM6PJSd31Wkbpg2G6W7', 'v4biBdYz5wIqcIikubdL']"
msVIEMTRCXR1LOAyYxuXgMLvAA93,"['G5d5eWqidj6YeThpjftd', 'iE1dNfJsdt0q8AFJ1XpH', '05ywL11diZ87kumObl33', 'daxSCmVcskQEKjGoU1tm', 'A2GelVK2395umPzoEfeL', 'hOaWmPtk21PGjjVjMBKV', 'qxi8YndiWKOmLD3smv45', '9FfqSpHP1ZC7NDZm1Bzm', '2LBNjOdkf1Ip7Fsvv8CA', 'ahZk6lmlzJqhUhdPzjxm']"
kakao2119538857,"['ceUDQJlN1ffNwTCiurIW', 'qxogZ7cgStNxGtwmiFjN', 'magic-choi', 'AzwqX3bE23H4ekxYGNOK', 'r8ij1T27gkOr08jzV2wR', '5dltCrAquTTVmJMpzGNO', 'kLGKmVGvkrASaI8s0BZH', 'vF5LUcRazY5TNQZZEIL2', 'lPTM0oRzdVQYYa0OGeqT', 'iE1dNfJsdt0q8AFJ1XpH']"
kakao1376869153,"['pSUMF0cjZoogJ9PBskKi', 'nE3Rka3C8quVUg6sJTXu', 'QAm5bifGxXMD1jKU6DLv', 'iE1dNfJsdt0q8AFJ1XpH', 'v4biBdYz5wIqcIikubdL', 'moYKLXDrO2k0QXOK4dip', 'tc4HO2QBtuOlHPYWUILG', 'BjkCb7AJ62j1x7nZ0yaM', 'EMOZiiQ5mVoydKXdQZYr', 'sfCxoddIvlEWDmBXckPt']"
kakao1903557044,"['a8DjgRQ2b7lvpXKkozgd', 'eQ7LNoUAxM3MoSAW3XHj', 'rKSgbs5C4dOLyUPUSto5', 'f7doxxqjPGYEQ7BHzFfC', 'GrHsWZo3smZuIi6OScc7', 'Oh6bmh8S6HARPyFBAsKl', 'taAqhVz62rYVn7JFZYY7', 'yOhNtoQsxcIrcUjzzum1', 'WF9WMczr3eaNSmNKdsrd', '4Sg9FO21CPs548dzsotq']"
kakao1233699194,"['CEiXCoBHGHPW0LBLlzrd', '8fGdjI8KZKLFBvZf7j3l', 'DnBwkpXT4J3iLHOiTcV8', 'NaU8WV4wlebvUgcyilgm', 'HaQfATCmPLOu8yqtKfQC', 'EMOZiiQ5mVoydKXdQZYr', 'uLxk3mHrO9KoFJRIAFsJ', 'mrHFrCxxZgSjumzFdCNu', 'zhKgwUAy287YrpVughUk', '67eVVPmUAmAvg9k13tOz']"
kakao1630871401,"['tc4HO2QBtuOlHPYWUILG', 'zNPMrjfRPtNDUl9UDRJX', 'FDXSS0plp3cnlTPR8uv2', 'LDsDoEsreKNcS6GUq3H1', 'mEwSCjY5ucVqG8Os0dAm', '3QRvfiaV09NtSVIxps09', '67eVVPmUAmAvg9k13tOz', 'mKT0yyKVIawEJcehOy8v', 'OrVaYFhmtgb3ITSrdOtd', 'LkRfakH9WrQEwRlXsBkC']"
kakao2192482179,"['LDsDoEsreKNcS6GUq3H1', 'G0Jko1vdSBle5A6DgkkG', 'hoLSB5FdepaYtLrm6zZw', 'h5FwB3mlXd9Z0zwMMQtt', 'tc4HO2QBtuOlHPYWUILG', 'moYKLXDrO2k0QXOK4dip', 'vXcO1iZbdpyZoLH2Aq4S', 'Y43DsSESpZQd3wUA9s16', 'pSUMF0cjZoogJ9PBskKi', 'SwUgMr0MDAPXSPgLsD01']"
kakao1740174198,"['uwErmEEKS1zYQG0n9qgT', 'n68JnEv9yvfgk9wJYW9n', 'v4biBdYz5wIqcIikubdL', 'mhW751lXzTEMEMQMG0eH', '8g4FzCqJG7m6dAeXDJAI', 'cFPH1NmazqtBBdLeEh4q', '9rd85ZzWpgkK6WnELudF', '6tfAi43w9iMWrjijpZTo', 'dGZZYjDvTZrWM5CvylYz', 'S7s2wPprPgM1ndVcuJYZ']"
SHfwvL8rKGPsbQRHs4ANXurav9y2,"['ROhCRMUt26a6YPfwkgpd', 'sfCxoddIvlEWDmBXckPt', '8M17w9FOKq2lDZ33f6VD', 'XljRmyRDXU0rXCQuAtMO', 'RmrRJPjdU6BjCduu6ZUN', '82nk37mEjmtv89bMHzQf', '8GHNVOLwTAeaihbuMzEv', '315Q19v2UzhkELv2X4Xa', 'P7cd3fwjMMUhtqmkekz3', '58uVeaWzzZWvLHWX5jKO']"
kakao1414049702,"['JwBASpzUwyNWifPL2MMd', 'rmnOGYTnVwFJQqStdAig', 'BbI0hqIhmTBZZ3xZ8w1F', '4IRFvYQUJIJ3f2ePxUkh', 'yvDjDtP359DdbfPleIUf', 'pYQwXpkqlaT6XWKxKWaj', 'ORyv8X6Gbni7CqT3USqr', 'WhSpqO9qMxOq9Zaf0DxV', 'HtEba9WtklDYfPxzqCHB', 'wwBkBmvcmbgKMHQIe5Er']"
kakao2114350288,"['JiX25h9pCcPVz4HtNrfX', 'lwzKTSAxDVXFLl0VBFYj', 'QQN1RZ0hnWYL5rWuYvcm', 'rSZgimvNQQzGqSl0142V', 'RILKh5oxiFP9NjCIAj4L', 'iE1dNfJsdt0q8AFJ1XpH', '6r2H87xpI7vuyIAjnLXx', '5NI9ErVzezsORFbx6YDk', 'qQbmdDip6lBrzPKFHlFE', 'HQrpOdQLDnL4Pw0OZy36']"
kakao1359251341,"['CEiXCoBHGHPW0LBLlzrd', '8fGdjI8KZKLFBvZf7j3l', 'NaU8WV4wlebvUgcyilgm', 'HaQfATCmPLOu8yqtKfQC', 'DnBwkpXT4J3iLHOiTcV8', 'Gpu6Wcm18Kzv6CHAl0vo', 'mrHFrCxxZgSjumzFdCNu', '5YJjnW2pamgtUFeMqp32', 'eoRWV33KBKEx8hJwX0mI', 'EMOZiiQ5mVoydKXdQZYr']"
kakao1499114534,"['26eG9PPddJ5hvTqwMag6', 'k0HphWKX8QdxbqDaRCye', 'eZjzmWO4upmQEEFCJC5h', 'BXRuB8FQTcyCY4d3xT33', '1xVIZwwVNXxvIUt2sQX7', '7LOaDa9y7IB6DiiFyMF3', 'La524pIX0opXN7Nqt57j', 'w9CMyWDMsLnH3D0FN0Mp', 'xfAhZZ943BNafDbEOIHE', 'EMOZiiQ5mVoydKXdQZYr']"
naver82029241,"['V57pk7lFg66XonEgZQUG', 'R2S4wEoWCh2srbXkxlcG', '869pu0yIfIU2cP9up69C', 'NaU8WV4wlebvUgcyilgm', 'cHL2tU9SaUEzScrIor3F', 'VZJkwXxlFA4D0o5ulqyK', '0FrGd5dq4wTtHV81VrJx', '1s4ZKktBH0CL2n91Z4Fc', 'po0RnlDQqjZmSqf6Qs11', 'rvVa1msTBNlzKwWI1Uk4']"
LQsct1kz9bVCNYbABwLvP8fw7ug1,"['BjkCb7AJ62j1x7nZ0yaM', 'QAm5bifGxXMD1jKU6DLv', 'v4biBdYz5wIqcIikubdL', 'pSUMF0cjZoogJ9PBskKi', 'FrtIeehIYa1p7PIeNOsf', 'tc4HO2QBtuOlHPYWUILG', 'fJvaOjrj31DCqfoXUz1Q', 'qnLvPlac6SDvq9dLEFwy', 'k18sYqFPhzGrIvyLUmfa', 'moYKLXDrO2k0QXOK4dip']"
kakao1641795663,"['JIGdVpbXb0NxReO0kDd7', 'kgsiyt8lljNXVAapTgX2', 'sfCxoddIvlEWDmBXckPt', 'AFHngWIXP0Lx5l3l4Cvv', 'i35klKpHC0u0B7arOk0Z', 'h2dhpUvG2kODGKj8fwgv', 'xYrsw8BM6wFjcmJkj1Zl', 'oQvzkWWSl3aWOteHXM06', '9fp7JldIX9SqISLIk3VO', 'UhSyqzFZ1vrP8TTOd6AE']"
kakao2210716480,"['ngBNLJZUFcPrYywuq3tm', 'oneOsznr5gRHDmFReCPp', 'lFQRg8IiM2rvNQ7yQVlR', 'sfCxoddIvlEWDmBXckPt', 'QAm5bifGxXMD1jKU6DLv', '315Q19v2UzhkELv2X4Xa', '0OHbRDXnYFWigCuwxXHQ', '6PhjgFl7CldOCg7yv6mX', 'EMOZiiQ5mVoydKXdQZYr', 'zB1VKXYMqzMmVG2IUgnH']"
naver50655609,"['PlTDjeMqSWZorfrn35gm', 'NOD2fkSYJhOSU0krZ7ff', 'GSHKhjspN0yR5fYekpOR', 'sGYWdCuad8iDC5fUJ1gY', 'DHf3JvhIN9NIpzaaKKgL', 'pqgcVxLDM8fE52hGQsqs', 'uwErmEEKS1zYQG0n9qgT', 'QAm5bifGxXMD1jKU6DLv', 'OgDpqWrzUcLpMWAqWDZf', 'pw3iOZSdxUd3ArBgWEri']"
naver52379240,"['JqhbgAtLeEvZCjFH6QIX', '1NHU4YrAdbDhk3lRFH7J', 'SeanMcCtzrzt7CKQjAyB', 'sg9Rd22pYDUtL1RRIPDr', 'sd7TSkEqI7V6884MtjWX', 'QAm5bifGxXMD1jKU6DLv', 'EMOZiiQ5mVoydKXdQZYr', 'uaX5abXZPoDB1u3iSgQ8', 'UMAgzvWg1Yy1DJFfYPs4', 'qq02eRQdXeKaqkv0Qga4']"
kakao1269618524,"['7unDdqNcp8DdcUnDAQHz', 'EMOZiiQ5mVoydKXdQZYr', 'Xl6yK2a732vqL9P09cLq', 'sd7TSkEqI7V6884MtjWX', 'sfCxoddIvlEWDmBXckPt', 'r4Qwy2ro3YXFDPhHnMbF', 'SKdjJoL9NxTqBNYRDV2L', 'pHIZchR7a0C5hMpVvnp5', 'GpavGthCRsjN9mgqQZyD', '55cnfmHHwtNy0lweQit2']"
kakao1687359407,"['cRAvQ0Jc126ZOKHYKLKt', 'EMOZiiQ5mVoydKXdQZYr', 'ffIsCb2BMtm9dT3eIrrj', 'kiQKBQkDH2pOCFJugsoa', 'pSUMF0cjZoogJ9PBskKi', 'EpcQ401Xd', 'v4biBdYz5wIqcIikubdL', 'sfCxoddIvlEWDmBXckPt', 'ngBNLJZUFcPrYywuq3tm', 'jHN2gG8ubRySvniNbl68']"
kakao1333744738,"['EvWWJskrWVn6W8afK0Pz', 'pSUMF0cjZoogJ9PBskKi', '8g4FzCqJG7m6dAeXDJAI', 'v4biBdYz5wIqcIikubdL', 'YcgoFheV411Sbbw1YRWP', 'EMOZiiQ5mVoydKXdQZYr', 'gaXZqlOAWzmD7novUID9', '6sm4hPnxKPTAkRVmFdRy', 'sKgc903AeIueQu5C3vko', 'n68JnEv9yvfgk9wJYW9n']"
kakao1390598706,"['4kCCDcucych6ED9IbVa0', 'Nl3FICmR5yj9gDBY3JHt', 'yDF06KBZ1b3uHbXwHOD2', 'DnBwkpXT4J3iLHOiTcV8', 'eoRWV33KBKEx8hJwX0mI', '0bTKRwIRLn6b1xp47FB0', '869pu0yIfIU2cP9up69C', 'Lu3F6ODgZ62ePTxk08Ig', 'JfoT3AUHI5cXqmzW7Nuy', 'uLxk3mHrO9KoFJRIAFsJ']"
kakao1610161885,"['HYgFVlaaCL3sD2VaWngx', '5kYZkAgBimuBC3LkDinW', 'QmOX26yYRlL6GTmH4UOA', 'QAm5bifGxXMD1jKU6DLv', 'nE3Rka3C8quVUg6sJTXu', 'tc4HO2QBtuOlHPYWUILG', 'dGZZYjDvTZrWM5CvylYz', 'v4biBdYz5wIqcIikubdL', 'AKwX4czUR18hIyk1A8gk', 'ukts7At0jY1UwxzHabT2']"
L5faBLzvoSh6UHfNnbFXXTYj2Jk2,"['gJZbhTYCcwYNSoRVYbM2', '5NI9ErVzezsORFbx6YDk', '7HgOnALNS50weWf4lHo9', 'Iup4QwehHraoIlTQLay0', 'rZh71KBPE5puitG1JPHY', '09GSRFWW1luDeCYF8BnH', 'cRfhyRrJQPbRq1er28pX', 'nE3Rka3C8quVUg6sJTXu', 'fINf7m4YECIU8howRM79', 'lQR486i75x8hqjlKJddJ']"
eu2Dyfv3zqcgKRii34CFSZhG8QC3,"['UMAgzvWg1Yy1DJFfYPs4', 'uaX5abXZPoDB1u3iSgQ8', 'JqhbgAtLeEvZCjFH6QIX', '46XGCJBSgZ9kkLVfnxXg', '1NHU4YrAdbDhk3lRFH7J', 'SeanMcCtzrzt7CKQjAyB', '5l7NBhgZc8f31346BXfd', 'qq02eRQdXeKaqkv0Qga4', 'tfW71eCAHvUbcQx0yVyY', 'xVYqd2NYQ5KIfx3Hyh0y']"
fv4vWkNKRKNEAgCJIg5a0jEcqJG2,"['gq4KSJAqJcfRmNeGTssp', 'ydfUVfkzx7lChv3ylmlF', 'iE1dNfJsdt0q8AFJ1XpH', 'pSUMF0cjZoogJ9PBskKi', 'GRFtLLrEt01HdCovvnfs', 'VGY5NiA3jGsIKfZIMspH', 'MPWA7mK3vsKBnfgDY7Ld', 'Iup4QwehHraoIlTQLay0', '5NI9ErVzezsORFbx6YDk', 'ukts7At0jY1UwxzHabT2']"
kakao1636024649,"['wUYT7HMbWsjJSo6S1FRi', 'rqk71UKzKyGv8sW5heo8', 'WRtHxKybtbd6sTSLeNfG', '1Wig3I43LjSzNoqzVMBd', 'ZLJyYWqrnxgziD56Paiw', '7HOmU1C4REEGY9NpDiAL', 'i0XwFMVipOTG17rDuS8P', 'sejywu5bBb8bVu5JJqDd', 'b2Bp614MUzZbK4RxutA8', '6vzDIxs8V3VzNj2xevMS']"
kakao2058079420,"['LlCPz6f9sX7ZqNFJUkXx', 'hyDKwZx4tJ9al5SirGHt', 'evVTGIYdRyUZfd1ftxPz', 'vBDfsLBmgAgOOCVGQ04p', 'PIhKMEDngUpcXi81VkQN', '7Ux0704cbdXy8gWHnjuo', 'esU1cfVtigD6WfEIxbi6', 'ds6GBx1bqD6QUOxA8MYE', 'sEPIqWxnnxtChEljXxJx', 'IO5sOxWMnnvHh4Yxq4fD']"
kakao2158870107,"['FYD4QMgJhXxihQBSNbKf', 'OL3kF2kW8rGCl4bEqnPd', 'lino', 'xewhkZxpZccNKAtHRAKs', 'sfCxoddIvlEWDmBXckPt', 'oneOsznr5gRHDmFReCPp', 'ngBNLJZUFcPrYywuq3tm', 'lFQRg8IiM2rvNQ7yQVlR', 'zohzMKZTVrMjiJRNOMGh', 'wpf39fJWBT2tzN2uTHiG']"
v3llCoXurZQruwLguyT41N99Z7y1,"['g5E7tUcvOqWnlKaYMDNq', '5YbgbSDvM9Xpa993h7X8', 'glBc7KXXi1DmpZxkH7ht', 'vcBYgHFdw9sRPCt34FAi', '3f3Flsj4ZVind59GQfjh', 'iAVxQCpSSMeXqMJDigwb', 'CGXs2CgPQHeT5dIBY0Sn', 'TIy6xiUisGdsnGAPa0EW', 'Zihojv13Br9PbTGViv90', 'zP8VrZ9wjXcjH6Q3HFgH']"
kakao1645582297,"['U4fQY0x1P7SKlVXqbO5l', 'moYKLXDrO2k0QXOK4dip', 'v4biBdYz5wIqcIikubdL', '5NI9ErVzezsORFbx6YDk', 'sfCxoddIvlEWDmBXckPt', 'EMOZiiQ5mVoydKXdQZYr', 'pSUMF0cjZoogJ9PBskKi', 'idZEUdokkoWhgOk4O5jq', 'VGY5NiA3jGsIKfZIMspH', 'Iup4QwehHraoIlTQLay0']"
kakao1996081232,"['5wyf0XLcsr1VF0GlienM', 'glBc7KXXi1DmpZxkH7ht', 'Zihojv13Br9PbTGViv90', '0pPsTenH1TTqZ6DK1Hwc', 'CGXs2CgPQHeT5dIBY0Sn', '1csdZVdemlKgo9orBBws', '3f3Flsj4ZVind59GQfjh', 'TjNbsUgRVsqMJiOMLV9x', 'PuLp833Xrgn6g7SKocPb', 'bFPQoP7BJJ9E1vnoTcXX']"
naver25465423,"['AGzplyFx4nVYMmH9pUcT', 'aYgjJBJtx4xYwrAbeGCe', 'K3Zo8qnNlSMOm0zOPTI2', 'XfXQYt5h0edCw8qjtlYI', '4Ek3n1OfvWpfFE6PJ1ob', '4NSsAZyNBMC05wAlzSGZ', 'pqgcVxLDM8fE52hGQsqs', 'nJjGV6QJfO6hKFCqsSt9', 'O2F7ZPnUiUyzO9CDvRLK', 'GiCs0ZyEOxjfYycGo1Fy']"
kakao1601326003,"['hG0Wohhbx3wjSm20s0L5', 'LUPicVzlSbLrzujgAo1f', 'M4vHw0vAk1u8oPIV3gV5', 'RrVdqL9pUmc5HKNWtFdU', 'eVc4KoIocuLZfL4KyKua', 'q3k31l9d0pvKwb3jGXSA', 'ziium', 'x5vbE8B0022wch5xTT92', 'OxsMYAr3hesVgORoyTlq', 'w4qVknJNfsphTJOx0btz']"
kakao1647204986,"['7165MXveEQu2oM2tOron', 'idZEUdokkoWhgOk4O5jq', '48XWufYu9oLyblt5Bu0T', 'VGY5NiA3jGsIKfZIMspH', 'ydfUVfkzx7lChv3ylmlF', 'PE9h8IRVjxJiGZ8WGTqb', 'nrq78z5dlemybd1fG0id', 'Qh7sxfNGTISLviHlBxJs', 'gvHWMc6EynNwYuZ9M6R9', 'tNz2DjOtssir4wjKcztP']"
kakao1546813223,"['HD8CnHis5L9kqvq42SJj', 'lino', 's18ewHFbDn25gGqImMo6', 'oqiE1D0QeNbwlZcsUIWx', 'dongeul-character', '7LOaDa9y7IB6DiiFyMF3', 'wpf39fJWBT2tzN2uTHiG', 'i22U9EM1CoYkrhBkYZwQ', 'zohzMKZTVrMjiJRNOMGh', 'DieC6fIOUp7b4kTk7p2c']"
kakao1549153513,"['3f3Flsj4ZVind59GQfjh', 'joQlBxVnpPFvMusav0fx', 'PWaZfk0q6JOI8wpoClyC', '3U6A-RKJc', 'QAm5bifGxXMD1jKU6DLv', '5NI9ErVzezsORFbx6YDk', '67eVVPmUAmAvg9k13tOz', 'moYKLXDrO2k0QXOK4dip', 'EpcQ401Xd', 'GdacIZljLUey5DD8mKAh']"
kakao1597390710,"['fwqErajQ6UESE29wpzQn', 'O2F7ZPnUiUyzO9CDvRLK', 'WhFgjuDXYEmfJvvgNyDp', 'XfXQYt5h0edCw8qjtlYI', 'mVyeqjeu0Uza94S25LDL', 'ke4aBLeqFmrNnXtjKDao', 'An60ItEySfiEk8cj6vJr', 'pqgcVxLDM8fE52hGQsqs', 'nJjGV6QJfO6hKFCqsSt9', 'dGqLjEXWcX6kEVHzRBj4']"
kakao1461684174,"['3aGZnRt6i9pdS2m6NTYr', 'QAm5bifGxXMD1jKU6DLv', 'BjkCb7AJ62j1x7nZ0yaM', 'FrtIeehIYa1p7PIeNOsf', 'JViNFMqAETG4rdq5RDm2', 'gTMaIPskP1BRMcP2oSe0', 'QmOX26yYRlL6GTmH4UOA', 'HYgFVlaaCL3sD2VaWngx', 'hDEI5UyXA7s2kq99MdHJ', 'LDsDoEsreKNcS6GUq3H1']"
9XFb8pBsIaPKlp4ZQZRbVmdhlf33,"['hZG3Mclh6BamJIDoSU95', 'tc4HO2QBtuOlHPYWUILG', 'pSUMF0cjZoogJ9PBskKi', 'BjkCb7AJ62j1x7nZ0yaM', 'sfCxoddIvlEWDmBXckPt', 'hDEI5UyXA7s2kq99MdHJ', '5NI9ErVzezsORFbx6YDk', 'nE3Rka3C8quVUg6sJTXu', 'l3SxzjiSe3AnA6ilD1h0', 'QAm5bifGxXMD1jKU6DLv']"
kakao1280394054,"['radg3l9uXDlqiFqsJhs8', 'sfCxoddIvlEWDmBXckPt', 'EMOZiiQ5mVoydKXdQZYr', 'wXoaQ3oA3NkDse46vhZI', 'sd7TSkEqI7V6884MtjWX', '315Q19v2UzhkELv2X4Xa', 'Xl6yK2a732vqL9P09cLq', 'K6mWt3njuSQ87iMVPyoD', 'qeQec1tRuqiM59Th2Ilv', 'mhtPgo3SdYBit0mNCIdg']"
kakao1645441719,"['t4Hd40M9hjRMGLsBFL4H', 'kl0DdlkkXGyssJdqUHeK', '9qhpATqcUDcaOHrep6AY', 'Xl3FzgGJCzgid7nsKIjE', 'YxoLEEDOqDUH3NZ1PBJ0', 'sfCxoddIvlEWDmBXckPt', 'ahZk6lmlzJqhUhdPzjxm', 'j2cqasKulOEI8EtcgWmd', 'eVf4jIVS1t5rreErJKKf', 'Qh7sxfNGTISLviHlBxJs']"
kakao1823377814,"['uQXWTwCikFMkBwkcK4Nv', 'XNts9YT4Vcy6HWyvXpZ4', 'pSUMF0cjZoogJ9PBskKi', 'Z6CYzNehCx11Ki5rF1bI', 'euWprzr7oOp0CpidXfEF', 'GknZovLMgdn2kaQfhHDW', 'YcgoFheV411Sbbw1YRWP', 'd8MCWOUwOtobNXRXHFvM', 'EMOZiiQ5mVoydKXdQZYr', 'Vj89VqIOTf9beYi1QmKi']"
naver10976499,"['DnBwkpXT4J3iLHOiTcV8', '869pu0yIfIU2cP9up69C', 'CEiXCoBHGHPW0LBLlzrd', 'yDF06KBZ1b3uHbXwHOD2', 'Nl3FICmR5yj9gDBY3JHt', 'sfCxoddIvlEWDmBXckPt', 'Lu3F6ODgZ62ePTxk08Ig', 'eoRWV33KBKEx8hJwX0mI', '0bTKRwIRLn6b1xp47FB0', 'vTjLq98ER90iEgEn5XXf']"
u7EOyndlLnVmD7c5YQ8wcidKnGn1,"['hGZyIrHJRkgUYZEt75ia', 'yvDjDtP359DdbfPleIUf', 'rmnOGYTnVwFJQqStdAig', 'gZVutSuDwx4WnbWQs6Ns', 'XBsb96PE7i3nuEdnfXei', 'Lg4YNrdP7DJetx6ICOGo', '4IRFvYQUJIJ3f2ePxUkh', 'JDTgsSBZsfly7OtyZDbx', 'wwBkBmvcmbgKMHQIe5Er', 'pYQwXpkqlaT6XWKxKWaj']"
kakao1319437993,"['sfCxoddIvlEWDmBXckPt', 'QfrBFQE2PNC16wRkp2TH', 'Xl6yK2a732vqL9P09cLq', 'K6mWt3njuSQ87iMVPyoD', 'wXoaQ3oA3NkDse46vhZI', '315Q19v2UzhkELv2X4Xa', 'yf7AViWPGEf2FkCfpZ7o', 'kgsiyt8lljNXVAapTgX2', 'QlYEuYEpdk6OnVxyUV60', '82nk37mEjmtv89bMHzQf']"
kakao1600800667,"['r4Qwy2ro3YXFDPhHnMbF', '8g4FzCqJG7m6dAeXDJAI', 'EMOZiiQ5mVoydKXdQZYr', '468SsYDBjR62QXNMrEZy', 'ruFbWIcBcsFA9aCrT1dI', '7unDdqNcp8DdcUnDAQHz', 'E1SYaCdrRaXaSPU8C7T5', 'umJyvbIZXppFAjWkkB0a', 'sd7TSkEqI7V6884MtjWX', 'SKdjJoL9NxTqBNYRDV2L']"
kakao1746289383,"['Wf2VK1aTX4PNp0Wdnkw9', 'sSzCszj1znoZXtkowFFh', 'TIhjB38dAytw0IFZZE9r', 'LxEDNv0rPq7xsFHuPXqr', 'Hc3WsCqp7VRGlr5y7ssl', 'l2pl52tb0i4dd3TpAkMy', '90XWGos7ipWepjKKxCZt', 'mP5qUDIlEiAKTsbZZpps', 'i7T1l6F0dRlm7toaG2a8', 'xFaS8HqLRpurrGMVVS9i']"
kakao1300823876,"['9IdmiikngW1vkFsGvsr6', 'V9CqgOumPAgZ32Eu87JT', 'LejltSiHxXUJ0BUGlbVj', 'WDpY2sHSyfXhIyQAJSz6', 'Bw0eberMnvNblMctYk6n', 'fcwAZ12KWWYlaiGPVC6K', 'Fqm9s07w2SClo3Uya3Hu', 'CKnISetefZjrAu0pZfO3', '4o98pqPaUgH6h82ghlFI', 'wJvihNegttIkWZt8S2ep']"
kakao1391893841,"['euWprzr7oOp0CpidXfEF', '0L13XgmMMX4GWhn5DDd7', 'tc4HO2QBtuOlHPYWUILG', 'tk9ZcndBfpAWMkcSuln9', 'eV1cXGkcxuZxaEPoihfp', 'm3ig53oKWBbIFhwmAZPj', 'GknZovLMgdn2kaQfhHDW', 'Jc2kteYpGUvjZR5QT3GS', 'kyUf5Ly1YgfPp5KFcH8k', 'QAm5bifGxXMD1jKU6DLv']"
kakao1511368423,"['Q21xnlPbaRtvgAhyFmU6', 'yJrAoDwpt1TMixYic569', '7ESrbL7NFtdxN55zJChB', 'xFBhyGXTOwvtESz4Hvlu', 'xHCMJ2ThzzW09vhdHZzF', 'tq0f5N51oXsFgwVU43Ar', '1YrBM1Z1Uq5KSucxYBnA', 'mfwAozYuRSRgmcRezhlr', '0RaIaMhZOIo5qxcKo2CO', 'dKZsSnqgCMyMnW6Ua9dO']"
kakao1510721287,"['nE3Rka3C8quVUg6sJTXu', 'AKwX4czUR18hIyk1A8gk', 'HBgSWrq8SbdprrU7GsIq', 'oqiE1D0QeNbwlZcsUIWx', 'd8cJq1o7OaJm9A2gP7Tk', 'PTU4SzPDr4zWvazzPYc9', 'HW8Kl1NhkKKiuIJNBfFU', 'Ue4bMb78gYrovFuHcv9K', 'pEJqoPNMRixO2XrvF5rN', 'ssvJ8xm8Hu9DNE80x37x']"
kakao1861562601,"['dJsaQqa1EjKLDoWEDqsz', 'DF0TjwMIB6h9ETJPuuiw', 'dGZZYjDvTZrWM5CvylYz', 'QAm5bifGxXMD1jKU6DLv', 'UvOvxfTqwBJ2Tcagydms', '0qfjBwNLop9bhoAQqfkg', 'xfU3oNHopkT8lRpuJ3rP', 'MDmXm0jmYKISHooVeZpr', 'Idked3GspVvyysnTTtKw', 'SYPDsePsHeum6cr0ded4']"
kakao1930363173,"['hfidRC6gwOHySj1pzMTP', 'MNvjdXf1CrqEKBiYfOSu', '27XjxD8ButCvfZ1YuV1k', 'NEn5qd66nEHaVpqznY3J', 'ycTlAkNpT4yijPQEARNQ', 'KKw3Xx0eDyDEVEBxklfP', 'RO7THQA5Y4eF4iHmdvPd', '7XncDv7xoq2ghHIODAkq', '2lBCODLFYI7gJkyAKNEN', 'ga97C7ufv4RdSiAQeS5j']"
12XNwHM6QBTr43MyDxV4WZBShhb2,"['BukH_s-YM', 'pD3aQyskrUATOdDmpUxf', 'q16ODrx-U', 'jOsGOSAGK', 'AONIEwDUX', 'v4biBdYz5wIqcIikubdL', 'PTPb2SVzX', 'MPWA7mK3vsKBnfgDY7Ld', '3Q2TTXrBD', 'jwFoQxWwPhwVjHo7kPnQ']"
G0ccaxOB9ARyAcSvM69j7ujXAqG2,"['sfCxoddIvlEWDmBXckPt', 'byGkrC9S6AeIcJoYhQ72', 'msI1DpEZI98ooqj85Iqr', 'ayfom9FwzEJcGjBP05i9', 'gwr4meOyjIpNC4EAlTli', 'hlOAAPzz7uLdXzp0vQFr', 'JLhCu8FJvHFjK1H3rbUm', 'glBc7KXXi1DmpZxkH7ht', '0x14LomWjxy4ItECy9TN', 'iwzmnOogdp5kIhGqrNHD']"
kakao1590937318,"['DtxzbUtxBNp3GDm1tAhj', 'QAm5bifGxXMD1jKU6DLv', 'wcuNPintI1G2HA9z2uI9', 'zRhHZc5JwFkJgcafCJiY', 'dJsaQqa1EjKLDoWEDqsz', 'KSsPGW9m9IxJ0kk231zp', 'VCgFENneJ7RgkELnBnlv', 'UvOvxfTqwBJ2Tcagydms', 'w49Vcr0LLiqtOgrdSWRy', '9IzYm5VTMrBfctjYWXU8']"
kvANc6xB91MISYv1HrgWDucbaWc2,"['nOduSl6kzADeFpgbh9jr', '5NI9ErVzezsORFbx6YDk', 'm1ziuFuqLdX3mj8qDw5k', 'NXpRhb2pPrDl57JqL134', 'jGy8HpxWjqCLDxBiUY7i', 'spNsUieEOaMiHzjsMKPf', '90XWGos7ipWepjKKxCZt', '7eJx6H30apkcZwmXrs6s', '0Gld6iw3oOqLsKYr60f3', '5j7zbgCZFsfESym3WQ6H']"
Ty1vv47poVOdNY4Waxz2cPeKMVJ3,"['TRpfAG4dMfI4hXPyOzhV', 'iE1dNfJsdt0q8AFJ1XpH', 'oqVYS0Ce6J6cQZHNZKEC', 'pSUMF0cjZoogJ9PBskKi', '67eVVPmUAmAvg9k13tOz', 'zZTpdmlKcXJI6jZYq5GC', 'G5d5eWqidj6YeThpjftd', '9FfqSpHP1ZC7NDZm1Bzm', 'e9DAjN5wMk24UmtPMYp6', 'GJnXbQBXttPqryP897GF']"
o3cs2u75WPWWPWYPUHEcIxYff0L2,"['xfBqQR5ZNzJubejxcP3d', 'spNsUieEOaMiHzjsMKPf', 'OMYZ474Ry7lvyhqp4WFV', 'WaX1WLZXTBs4Vkd9YC1s', 'Wzhzd2eWzGnwVXwFjmug', 'OL3OFMCAOWrXvrJ5Zyfq', 'sVojNzLEQ2hHM99g8Qun', 'UUPIDrt4wz6kWCrI0ZHx', 'w5a6NywZJvvhwZZ80YSh', '5mhik7VTbJPqEDS87eju']"
kakao1242576773,"['Ro3qPu47kN3bdPMGidGW', 'Zc5ibDdVf6l5JBIowpgY', 'tc4HO2QBtuOlHPYWUILG', 'XhF7HvzaUXOdxdQSV4Rr', '5RcUZlcjCDVulejewYvU', 'HqYy7CbUm1E7SdvvT1sh', 'T8VLb1Sk58bOd0N7DsZ9', 'byRtfggXtco39daV97UD', 'BjkCb7AJ62j1x7nZ0yaM', 'BEs4zGb3nC7GoNhvFlYd']"
1729TgzXEtTOJ9z9dowz19wAfVD3,"['OT76iweJHwLOOWH7utmP', '6HnLz4SswY33BPgk2GFL', 'FeTybJDfUM5kaN7I35iH', 'NjfUksz2XD0lJduaMeya', '4tZZqU2k0X4B0WZsYisS', '83WbC9gzBTVF3HOMyvQa', '6CCgBXVpDIIIjpqPzILj', 'FEUCstohm9ufyz1ACrnb', '9dvE90RSyIZERMwl7L57', 'fhCKanVhXBHI5ASyeP1v']"
kakao1755057592,"['7Ux0704cbdXy8gWHnjuo', 'hyDKwZx4tJ9al5SirGHt', 'LlCPz6f9sX7ZqNFJUkXx', 'vBDfsLBmgAgOOCVGQ04p', 'PIhKMEDngUpcXi81VkQN', 'oiZo2jNZtgXKVqLLeTz4', 'IO5sOxWMnnvHh4Yxq4fD', 'ds6GBx1bqD6QUOxA8MYE', '3VdQvx7f7YnskClddBMK', 'evVTGIYdRyUZfd1ftxPz']"
z5IEisFnvbcaduNbpo4PhYBNLBf1,"['GYrohseQjE6Ce8baUXhk', 'pSUMF0cjZoogJ9PBskKi', 'edJdWVU4yJ51GzEOnrmb', 'P28SXA5gyuCf61qMTlXn', '5b9UV8LcQnnhkmZwXf6L', '5gCfsdviB0PBYA7t0zre', 'QAm5bifGxXMD1jKU6DLv', '053Q5yWw2PebrUgPhggF', 'DF0TjwMIB6h9ETJPuuiw', 'hroMdqlhcd5Y359OdRVe']"
kakao1389909078,"['BNaTJDX8qFOQRtl774zP', 'LejltSiHxXUJ0BUGlbVj', 'XSR7FmOD1IKUDxz5dgM3', 'fdbQ5RHIhgqiPXmvnAch', '2ZUdirMeV75CjpYU5bGU', 'fcwAZ12KWWYlaiGPVC6K', 'nJjGV6QJfO6hKFCqsSt9', 'tla4rNYmP8D90IINN9gy', 'VLSPctu1RkUQ8qacbqVC', 've2kssMD9y3mSO3CKNkD']"
kakao1649597698,"['GRFtLLrEt01HdCovvnfs', 'PE9h8IRVjxJiGZ8WGTqb', '5NI9ErVzezsORFbx6YDk', '8oOYfWUTeZ30S37FjLHX', 'pSUMF0cjZoogJ9PBskKi', 'ydfUVfkzx7lChv3ylmlF', 'VGY5NiA3jGsIKfZIMspH', 'MPWA7mK3vsKBnfgDY7Ld', 'HhxvlntKV4AgzvPjfk5W', 'ukts7At0jY1UwxzHabT2']"
TE156zd6p9dWHHPviAZjyy3K5jP2,"['BjkCb7AJ62j1x7nZ0yaM', 'QAm5bifGxXMD1jKU6DLv', 'FrtIeehIYa1p7PIeNOsf', 'pSUMF0cjZoogJ9PBskKi', 'moYKLXDrO2k0QXOK4dip', 'QmOX26yYRlL6GTmH4UOA', 'v4biBdYz5wIqcIikubdL', 'nE3Rka3C8quVUg6sJTXu', 'dGZZYjDvTZrWM5CvylYz', 'tc4HO2QBtuOlHPYWUILG']"
VBCq9OFYbAP0bimkMOwETe4xE9F3,"['v4biBdYz5wIqcIikubdL', 'moYKLXDrO2k0QXOK4dip', 'ydfUVfkzx7lChv3ylmlF', 'tc4HO2QBtuOlHPYWUILG', 'MoyKRu6wlv9vu4yZH7Xc', 'pSUMF0cjZoogJ9PBskKi', 'PE9h8IRVjxJiGZ8WGTqb', 'Bn4I3Fde8pqZB16E4ZI0', 'dGZZYjDvTZrWM5CvylYz', 'iE1dNfJsdt0q8AFJ1XpH']"
naver9480380,"['zyzx4oWNJw7KtzrI1QuA', '5ZM6PJSd31Wkbpg2G6W7', 'moYKLXDrO2k0QXOK4dip', 'EiUM36jzPSmz8nJPdX6m', 'vXcO1iZbdpyZoLH2Aq4S', 'C5igug0KGzSqRLqmaszh', 'v4biBdYz5wIqcIikubdL', 'nE3Rka3C8quVUg6sJTXu', 'kWKBhH3f9WiEJpObyFKb', 'tc4HO2QBtuOlHPYWUILG']"
6zalaXuXlXVvxpynsFeLcEQFuvx1,"['iE1dNfJsdt0q8AFJ1XpH', 'EMOZiiQ5mVoydKXdQZYr', 'sd7TSkEqI7V6884MtjWX', 'pQn6bzuH6tuGn2LSzMbv', 'pSUMF0cjZoogJ9PBskKi', 'QAm5bifGxXMD1jKU6DLv', 'v4biBdYz5wIqcIikubdL', 'sfCxoddIvlEWDmBXckPt', 'nE3Rka3C8quVUg6sJTXu', 'tc4HO2QBtuOlHPYWUILG']"
kakao1275712673,"['DnBwkpXT4J3iLHOiTcV8', 'cRAvQ0Jc126ZOKHYKLKt', 'QAm5bifGxXMD1jKU6DLv', 'EMOZiiQ5mVoydKXdQZYr', '869pu0yIfIU2cP9up69C', 'ngBNLJZUFcPrYywuq3tm', 'sfCxoddIvlEWDmBXckPt', 'Xl6yK2a732vqL9P09cLq', 'k0HphWKX8QdxbqDaRCye', 'ffIsCb2BMtm9dT3eIrrj']"
kakao1490161330,"['pBKPi79NrvxlEdy85pGG', 'oh5gWRd0tvp65OaQ9rpT', 'LZAZUXDzMoShLGBX6BAP', 'JyhcR2opa0d8kwH9B60E', 'wPihZnLR9QXWvlkqUdES', '6mto6yHb6ETzclP0NL5f', 'xVYqd2NYQ5KIfx3Hyh0y', 'vzITnUK9I5BC6J98OI06', 'zUDIUGPFpH0RBcH1oGA6', 'UbvsLuvJgE7bVokMmN8l']"
kakao1611482976,"['4SWvrLYozwbAyHBvjfhe', 'Iup4QwehHraoIlTQLay0', 'gnnXV9EqQ8DFD3k2xfdN', 'G6cVpi6ydB81rm1P412K', 'ffIsCb2BMtm9dT3eIrrj', 'iE1dNfJsdt0q8AFJ1XpH', '5NI9ErVzezsORFbx6YDk', 'pSUMF0cjZoogJ9PBskKi', 'zZTpdmlKcXJI6jZYq5GC', 'OIkZAV77BMXfhIgtJ6yX']"
7aaf7699-336c-457f-9272-06766332f78d,"['e9DAjN5wMk24UmtPMYp6', '5u79p5ORJjCcx4UdlID6', 'HhxvlntKV4AgzvPjfk5W', 'v4biBdYz5wIqcIikubdL', 'rlJaevNASCkEtuwhhy8n', 'MoyKRu6wlv9vu4yZH7Xc', 'oqVYS0Ce6J6cQZHNZKEC', 'iE1dNfJsdt0q8AFJ1XpH', 'cNKbyJ0576GAUSzUTItX', '5NI9ErVzezsORFbx6YDk']"
kakao1248043663,"['zw9XkRaNO2msHXnKZ5bb', 'w7K1fOdB6g4uCBkg8Jna', 'FQVGXPRT2ekSQBq0SbWK', 'FIADlUHksru2kOB4lvW7', '9rd85ZzWpgkK6WnELudF', 'pSUMF0cjZoogJ9PBskKi', 'leURiOamcXoUs730CpUM', 'dGZZYjDvTZrWM5CvylYz', 'hhhi7yAG9IqmXKnIa5A2', 'v4biBdYz5wIqcIikubdL']"
kakao1273334759,"['BJoCS08ndPZzWK1LIwoK', '4C2Etrd85VKcOaip67R6', '77UbxJQq8J2jL4BSp3Sx', '75kTMZV6WLSLSZ2xpVIa', 'iN8wliQ7Wf0CKEkryKgg', 'Rzt71jw0DibaYoIFKssl', 'd33Z1bQn1bxfQKhr0VKn', 'uyHlHKlQKDpahPyisoOw', 'PIhKMEDngUpcXi81VkQN', 'M53yw9hevfNYgxwpr0IJ']"
kakao1377349872,"['4f7x5BrM4d5LRLCTliO1', 'gMFZkdSdUWJdRkZSnKC5', 'GIve3dWMnrolTo7QYQNB', 'RUO08sqBEkoQRHEXVYq1', 'bzLQxWmgQwSyuLPVVSgT', '9mXllMSB5OiRgIhkt5YA', 'vTjLq98ER90iEgEn5XXf', 'ceUDQJlN1ffNwTCiurIW', 'cyBoPeO2r1vxjTB4jeKS', 'V4Vjr810vWPY4JrEiDxE']"
cc0f6cd7-a2bc-4448-9e7d-8db25c958a21,"['oyaoKYJOlT9n0cITG83F', 'ek7jl2pjpA9Dw0ZI7VBP', 'NZKkm7ncCxfHdf5CycOh', 'eVNYpBjpdWEmKLEKz8ZV', 'hMRf5VGQV5ldEqY4MAwb', 'VebRzsxt6Ng13Qq4kTCd', 'K4dxiIzLn8p5zvSPLao3', 'Iup4QwehHraoIlTQLay0', 'OIkZAV77BMXfhIgtJ6yX', 'moona']"
kakao1303642661,"['Y7x3Kza8WLNHrHpWjNTR', 'QmOX26yYRlL6GTmH4UOA', 'nE3Rka3C8quVUg6sJTXu', 'qnLvPlac6SDvq9dLEFwy', 'daxSCmVcskQEKjGoU1tm', 'ydfUVfkzx7lChv3ylmlF', 'cevTp1E0DTqW8gdDLp6E', 'iE1dNfJsdt0q8AFJ1XpH', 'moYKLXDrO2k0QXOK4dip', 'BjkCb7AJ62j1x7nZ0yaM']"
kakao1467268242,"['7G7DoY730RGV6hfVGaI1', 'tc4HO2QBtuOlHPYWUILG', 'hZG3Mclh6BamJIDoSU95', 'qvoZqAdEWWF5kzGDu5gV', 'swiCy104cJKb55nooZ27', 'k3KP0Kh69A8iWMTihVuZ', 'PYMT6APnZ0Tsbc4cMZly', 'nE3Rka3C8quVUg6sJTXu', 'jFDWbyXyao5W5iSsQz1X', 'LDsDoEsreKNcS6GUq3H1']"
kakao1356596028,"['GPoVghUf1Pvas4hUhjRJ', 'T0cspuSh9PYzV9yIQfa2', 'IP0XyMbqZxuLfooHYU1m', 'c1TnGjTWUY5n8xKHKFUn', 'JtXOiUnpyVRp3Qp1CFsk', 'FeTybJDfUM5kaN7I35iH', 'dIsKPrWUzNYtv5cZFEHF', 'Ac8QBivIU8bvruNElTba', 'TU3YxwFG6V9DEZqayjvP', 'OVpOB2NURrb6Emz2C83O']"
